capacity_low,2097176
capacity_high,4194472
probe,pair,low_us,high_us
hit,0,39.676,38.751
hit,1,38.834,40.153
hit,2,39.803,37.861
hit,3,37.841,39.436
hit,4,39.395,37.701
hit,5,38.84,39.556
hit,6,40.29,38.893
hit,7,38.936,40.354
hit,8,40.428,38.762
hit,9,38.802,39.59
hit,10,39.398,39.002
hit,11,39.91,39.239
hit,12,38.477,37.782
hit,13,38.815,38.448
hit,14,39.496,37.835
hit,15,38.834,39.612
hit,16,39.437,38.926
hit,17,37.899,39.383
hit,18,39.536,38.95
hit,19,37.823,39.441
hit,20,39.573,37.886
hit,21,37.698,39.728
hit,22,39.552,37.833
hit,23,38.872,38.609
miss,0,39.913,38.798
miss,1,37.837,39.335
miss,2,39.593,37.767
miss,3,41.128,39.595
miss,4,39.217,37.764
miss,5,38.786,39.696
miss,6,39.577,37.716
miss,7,38.779,39.622
miss,8,39.618,38.806
miss,9,37.986,39.494
miss,10,39.375,38.775
miss,11,37.785,39.338
miss,12,39.534,37.898
miss,13,37.811,39.427
miss,14,39.446,38.931
miss,15,38.89,39.45
miss,16,38.427,38.989
miss,17,37.936,39.401
miss,18,39.386,37.81
miss,19,37.769,39.541
miss,20,39.513,37.811
miss,21,37.861,39.524
miss,22,38.544,39.002
miss,23,37.825,40.469
